model,horizon,n_forecasts,MAPE,sMAPE,MASE,CRPS,Coverage_80
LightGBM,7,24,18.649180478724894,18.53897576163176,0.286661803158701,1.5385406726663227,50.0
LightGBM,28,23,68.83197988073003,57.556026257997836,0.9855942782361834,4.909233293782864,26.08695652173913
TabPFN_TS,7,24,33.548724207833615,39.18658645954109,0.37033881442111094,2.227153932179014,58.333333333333336
TabPFN_TS,28,23,46.271919901542795,63.00767081958642,0.8721806545546137,4.509700604754945,60.86956521739131
SARIMA_Fourier,7,24,65.17778524689058,76.41599162527916,1.0069439853914033,4.785014632403499,41.66666666666667
SARIMA_Fourier,28,23,69.94801937297198,83.73063310699993,1.1703877206635038,5.759717678118895,47.82608695652174
Chronos_Tiny,7,24,15.096814487283755,15.237444374294961,0.21926698276027054,1.1866684509068728,66.66666666666666
Chronos_Tiny,28,23,47.99753406381635,41.62595225918362,0.766558274627003,4.119183603576992,69.56521739130434
